{
  ":configurator:policy" : "force",
  "com.liferay.client.extension.type.configuration.CETConfiguration~stcs-project" : {
    "baseURL" : "${portalURL}/o/current-tickets-custom-element",
    "description" : "",
    "dxp.lxc.liferay.com.virtualInstanceId" : "default",
    "name" : "Current Tickets Custom Element",
    "projectName" : "current-tickets-custom-element",
    "properties" : [ ],
    "sourceCodeURL" : "",
    "type" : "customElement",
    "typeSettings" : [ "friendlyURLMapping=stcs-project-ok", "instanceable=false", "urls=index-217ebf26.js\nindex-e48c7ad6.js", "useESM=true", "htmlElementName=stcs-project", "cssURLs=", "portletCategoryName=category.client-extensions" ],
    "webContextPath" : "/current-tickets-custom-element"
  }
}