{
  ":configurator:policy" : "force",
  "com.liferay.client.extension.type.configuration.CETConfiguration~stcs-project" : {
    "baseURL" : "${portalURL}/o/stcs-project",
    "description" : "",
    "dxp.lxc.liferay.com.virtualInstanceId" : "default",
    "name" : "Stcs Project",
    "projectName" : "stcs-project",
    "properties" : [ ],
    "sourceCodeURL" : "",
    "type" : "customElement",
    "typeSettings" : [ "friendlyURLMapping=stcs-project-ok", "instanceable=false", "urls=index-75864934.js", "useESM=true", "htmlElementName=stcs-project", "cssURLs=index-c6f324e6.css", "portletCategoryName=category.STCS_Vue_main" ],
    "webContextPath" : "/stcs-project"
  }
}